{
  "project_info": {
    "project_number": "1037380007502",
    "firebase_url": "https://postman-21a34-default-rtdb.firebaseio.com",
    "project_id": "postman-21a34",
    "storage_bucket": "postman-21a34.appspot.com"
  },
  "client": [
    {
      "client_info": {
        "mobilesdk_app_id": "1:1037380007502:android:d6c4085f0c88708219751f",
        "android_client_info": {
          "package_name": "com.kazimasum.firebasefragment"
        }
      },
      "oauth_client": [
        {
          "client_id": "1037380007502-npou031r2t267iij1k1adrh136fjk8d0.apps.googleusercontent.com",
          "client_type": 1,
          "android_info": {
            "package_name": "com.kazimasum.firebasefragment",
            "certificate_hash": "0906d868d8f9e4103a3aea73d266d4238806f771"
          }
        },
        {
          "client_id": "1037380007502-kg1jpimnahdfumf99026tjghurd59faq.apps.googleusercontent.com",
          "client_type": 3
        }
      ],
      "api_key": [
        {
          "current_key": "AIzaSyAsiMNkHPG09TnLgHUleDM0xottng8wdd4"
        }
      ],
      "services": {
        "appinvite_service": {
          "other_platform_oauth_client": [
            {
              "client_id": "1037380007502-kg1jpimnahdfumf99026tjghurd59faq.apps.googleusercontent.com",
              "client_type": 3
            }
          ]
        }
      }
    }
  ],
  "configuration_version": "1"
}